{
  "interactionModel": {
    "languageModel": {
      "invocationName": "escapa del planeta",
      "intents": [
        {
          "name": "AMAZON.CancelIntent",
          "samples": []
        },
        {
          "name": "AMAZON.HelpIntent",
          "samples": []
        },
        {
          "name": "AMAZON.StopIntent",
          "samples": []
        },
        {
          "name": "AMAZON.NavigateHomeIntent",
          "samples": []
        },
        {
          "name": "StartIntent",
          "slots": [],
          "samples": [
            "quiero jugar",
            "jugar",
            "Iniciar",
            "Iniciar el juego",
            "Comenzar",
            "Empezar",
            "Comenzar el juego"
          ]
        },
        {
          "name": "AMAZON.YesIntent",
          "samples": []
        },
        {
          "name": "AMAZON.NoIntent",
          "samples": []
        },
        {
          "name": "DevicesCheckIntent",
          "slots": [],
          "samples": [
            "comprueba los aparatos",
            "Comprueba los botones y el qr",
            "Chequea dispositivos",
            "Testea dispositivos",
            "Comprueba dispositivos ",
            "Test dispositivos",
            "Realiza la prueba de los dispositivos",
            "Prueba dispositivos"
          ]
        },
        {
          "name": "InstructionsIntent",
          "slots": [],
          "samples": [
            "no se como jugar",
            "ayudame a jugar",
            "como puedo jugar",
            "como jugar",
            "como hago cosas",
            "como son las instrucciones",
            "ayudame con los controles",
            "cuales son los controles",
            "dime los controles",
            "no se los controles",
            "dime las instrucciones"
          ]
        },
        {
          "name": "GoToIntent",
          "slots": [
            {
              "name": "room",
              "type": "rooms",
              "samples": [
                "llevame a {room}",
                "quiero ir a {room}",
                "andar hacia {room}",
                "hacia {room}",
                "ir a {room}",
                "{room}"
              ]
            }
          ],
          "samples": [
            "ve al {room}",
            "ve a la {room}",
            "dirígite a la {room}",
            "andar a la {room}",
            "anda a la {room}",
            "dirígete al {room}",
            "andar al {room}",
            "ir a la {room}",
            "ir al {room}",
            "desplazarse hacia {room}",
            "correr hacia {room}",
            "andar a {room}",
            "llevame a {room}",
            "quiero ir a {room}",
            "ir a {room}"
          ]
        },
        {
          "name": "WhereAmIIntent",
          "slots": [],
          "samples": [
            "donde me hallo",
            "en que sitio estoy",
            "no se el lugar en el que estoy",
            "no tengo claro la sala en la que estoy",
            "dime la sala en la que estoy",
            "en que lugar estoy",
            "no se donde estoy",
            "puedes decirme donde estoy",
            "donde estoy"
          ]
        },
        {
          "name": "WhereCanIGoIntent",
          "slots": [],
          "samples": [
            "que lugares están cerca",
            "que habitaciones tengo cerca",
            "a que lugar puedo acceder",
            "hacia donde puedo ir",
            "hacia donde puedo moverme",
            "a que lugares puedo ir",
            "a donde puedo acceder",
            "hacia donde puedo avanzar",
            "donde puedo ir"
          ]
        },
        {
          "name": "RoomDescriptionIntent",
          "slots": [],
          "samples": [
            "describe la sala",
            "describe la estancia",
            "dime qué hay en la estancia",
            "describe la habitación",
            "qué objetos hay en la estancia",
            "qué elementos hay en la estancia",
            "que hay en la estancia",
            "que hay en la sala",
            "que hay cerca de mi",
            "qué tengo a mi alrededor"
          ]
        },
        {
          "name": "CheckItemIntent",
          "slots": [
            {
              "name": "item",
              "type": "items",
              "samples": [
                "examina el {item}",
                "comprueba el {item}",
                "quiero que compruebes el {item}",
                "{item}",
                "la {item}",
                "las {item}",
                "los {item}",
                "el {item}"
              ]
            }
          ],
          "samples": [
            "mira las {item}",
            "comprueba las {item}",
            "Comprueba el {item}",
            "Inspecciona el {item}",
            "Chequea el {item}",
            "Chequea la {item}",
            "Comprueba la {item}",
            "Examina la {item}",
            "Mira la {item}",
            "Mira el {item}",
            "Examina el {item}"
          ]
        },
        {
          "name": "WhatIsInTheInventoryIntent",
          "slots": [],
          "samples": [
            "qué hay en mi inventario",
            "dime qué he guardado en el inventario",
            "que tengo en la mochila",
            "que hay en el inventario",
            "qué tengo en el inventario"
          ]
        }
      ],
      "types": [
        {
          "values": [
            {
              "name": {
                "value": "tarjeta acceso",
                "synonyms": [
                  "tarjeta",
                  "tarjeta de acceso",
                  "Tarjeta de acceso"
                ]
              }
            },
            {
              "name": {
                "value": "Principito",
                "synonyms": [
                  "el libro del principito",
                  "el principito"
                ]
              }
            },
            {
              "name": {
                "value": "Romeo y Julieta",
                "synonyms": [
                  "romeo y julieta",
                  "el libro de romeo y julieta"
                ]
              }
            },
            {
              "name": {
                "value": "Dracula",
                "synonyms": [
                  "el libro de dracula",
                  "dracula"
                ]
              }
            },
            {
              "name": {
                "value": "tablero",
                "synonyms": [
                  "tablero de ajedrez",
                  "ajedrez"
                ]
              }
            },
            {
              "name": {
                "value": "Quijote",
                "synonyms": [
                  "quijote",
                  "don quijote",
                  "don quijote de la mancha",
                  "libro del quijote"
                ]
              }
            },
            {
              "name": {
                "value": "estanteria"
              }
            },
            {
              "name": {
                "value": "baterias",
                "synonyms": [
                  "batteries",
                  "bateria",
                  "batería",
                  "pila",
                  "pilas",
                  "bateria"
                ]
              }
            },
            {
              "name": {
                "value": "pantallas",
                "synonyms": [
                  "televisiones",
                  "tele",
                  "pantalla",
                  "monitor",
                  "monitores"
                ]
              }
            },
            {
              "name": {
                "value": "sofa",
                "synonyms": [
                  "sillon",
                  "sillón",
                  "sofá"
                ]
              }
            },
            {
              "name": {
                "value": "nota",
                "synonyms": [
                  "papel",
                  "Papel"
                ]
              }
            },
            {
              "name": {
                "value": "termo"
              }
            },
            {
              "name": {
                "value": "mesa",
                "synonyms": [
                  "tabla",
                  "table"
                ]
              }
            }
          ],
          "name": "items"
        },
        {
          "values": [
            {
              "name": {
                "value": "sala 4",
                "synonyms": [
                  "cuarta habitación",
                  "habitación cuarta",
                  "cuarta sala"
                ]
              }
            },
            {
              "name": {
                "value": "purificador",
                "synonyms": [
                  "sala de purificación",
                  "sala purificador",
                  "habitación purificadora"
                ]
              }
            },
            {
              "name": {
                "value": "sala 3",
                "synonyms": [
                  "tercera habitación",
                  "habitación tercera",
                  "sala tercera",
                  "tercera sala"
                ]
              }
            },
            {
              "name": {
                "value": "sala 2",
                "synonyms": [
                  "habitación segunda",
                  "segunda habitación",
                  "sala segunda",
                  "sala dos",
                  "segunda sala"
                ]
              }
            },
            {
              "name": {
                "value": "sala 1",
                "synonyms": [
                  "primera habitación",
                  "habitación 1",
                  "sala primeraç",
                  "sala un",
                  "sala uno",
                  "primera sala"
                ]
              }
            },
            {
              "name": {
                "value": "sala inicial",
                "synonyms": [
                  "inicio",
                  "habitación inicial"
                ]
              }
            }
          ],
          "name": "rooms"
        }
      ]
    },
    "dialog": {
      "intents": [
        {
          "name": "GoToIntent",
          "confirmationRequired": false,
          "prompts": {},
          "slots": [
            {
              "name": "room",
              "type": "rooms",
              "elicitationRequired": true,
              "confirmationRequired": false,
              "prompts": {
                "elicitation": "Elicit.Slot.486290548808.1223146160275"
              }
            }
          ]
        },
        {
          "name": "CheckItemIntent",
          "confirmationRequired": false,
          "prompts": {},
          "slots": [
            {
              "name": "item",
              "type": "items",
              "elicitationRequired": true,
              "confirmationRequired": false,
              "prompts": {
                "elicitation": "Elicit.Slot.1575804347716.28748127422"
              }
            }
          ]
        }
      ],
      "delegationStrategy": "ALWAYS"
    },
    "prompts": [
      {
        "id": "Elicit.Slot.486290548808.1223146160275",
        "variations": [
          {
            "type": "PlainText",
            "value": "hacia donde quieres ir?"
          },
          {
            "type": "PlainText",
            "value": "no me he enterado bien. donde quieres ir?"
          },
          {
            "type": "PlainText",
            "value": "adonde quieres ir?"
          }
        ]
      },
      {
        "id": "Elicit.Slot.1575804347716.28748127422",
        "variations": [
          {
            "type": "PlainText",
            "value": "Repiteme lo que quieres que examine."
          },
          {
            "type": "PlainText",
            "value": "Que quieres que examine?"
          }
        ]
      }
    ]
  },
  "version": "30"
}