{
  "manifest": {
    "apis": {
      "custom": {
        "endpoint": {
          "uri": "arn:aws:lambda:eu-west-1:254636902494:function:0d4dc42d-cb06-4fea-8b7e-58369a8562bb:Release_0"
        },
        "interfaces": [],
        "regions": {
          "NA": {
            "endpoint": {
              "uri": "arn:aws:lambda:us-east-1:254636902494:function:0d4dc42d-cb06-4fea-8b7e-58369a8562bb:Release_0"
            }
          },
          "EU": {
            "endpoint": {
              "uri": "arn:aws:lambda:eu-west-1:254636902494:function:0d4dc42d-cb06-4fea-8b7e-58369a8562bb:Release_0"
            }
          },
          "FE": {
            "endpoint": {
              "uri": "arn:aws:lambda:us-west-2:254636902494:function:0d4dc42d-cb06-4fea-8b7e-58369a8562bb:Release_0"
            }
          }
        }
      }
    },
    "publishingInformation": {
      "locales": {
        "es-ES": {
          "name": "EscapaPlaneta"
        }
      }
    }
  }
}