{
    "document": {
        "type": "APL",
        "version": "1.7",
        "license": "Copyright 2021 Amazon.com, Inc. or its affiliates. All Rights Reserved.\nSPDX-License-Identifier: LicenseRef-.amazon.com.-AmznSL-1.0\nLicensed under the Amazon Software License  http://aws.amazon.com/asl/",
        "import": [
            {
                "name": "alexa-layouts",
                "version": "1.4.0"
            }
        ],
        "mainTemplate": {
            "parameters": [
                "roomData"
            ],
            "item": [
                {
                    "type": "Container",
                    "height": "100vh",
                    "items": [
                        {
                            "type": "AlexaBackground",
                            "backgroundImageSource": "https://escapemedia.s3.eu-west-1.amazonaws.com/imagenesJuego/blackBackground.jpeg",
                            "backgroundBlur": false,
                            "backgroundScale": "best-fill"
                        },
                        {
                            "type": "Container",
                            "height": "100vh",
                            "width": "100vw",
                            "items": [
                                {
                                    "type": "AlexaHeader",
                                    "headerTitle": "${roomData.roomName}",
                                    "headerDivider": false
                                },
                                {
                                    "type": "Container",
                                    "width": "100%",
                                    "height": "70%",
                                    "justifyContent": "top",
                                    "alignItems": "center",
                                    "paddingLeft": "@marginHorizontal",
                                    "paddingRight": "@marginHorizontal",
                                    "items": [
                                        {
                                            "type": "AlexaImage",
                                            "imageSource": "${roomData.roomImage}",
                                            "imageRoundedCorner": true,
                                            "imageScale": "best-fill",
                                            "imageAlignment": "center",
                                            "imageWidth": "${@viewportProfile == @hubRoundSmall ? '70%' : '100%'}",
                                            "imageAspectRatio": "${@viewportProfile == @hubRoundSmall ? 'square' : 'standard_landscape'}",
                                            "imageBlurredBackground": false,
                                            "grow": "${@viewportProfile == @hubRoundSmall ? 0 : 1}"
                                        }
                                    ]
                                }
                            ]
                        }
                    ]
                }
            ]
        }
    },
    "datasources": {
        "imageTemplateData": {
            "type": "object",
            "objectId": "imageSample",
            "properties": {
                "backgroundImage": {
                    "contentDescription": null,
                    "smallSourceUrl": null,
                    "largeSourceUrl": null,
                    "sources": [
                        {
                            "url": "https://d2o906d8ln7ui1.cloudfront.net/images/templates_v3/gridlist/GridListBackground_Dark.png",
                            "size": "large"
                        }
                    ]
                },
                "image": {
                    "contentDescription": null,
                    "smallSourceUrl": null,
                    "largeSourceUrl": null,
                    "sources": [
                        {
                            "url": "https://d2o906d8ln7ui1.cloudfront.net/images/templates_v3/image_display/ImageDisplay_Image1.png",
                            "size": "large"
                        }
                    ]
                },
                "title": "Plant of the day",
                "logoUrl": "https://d2o906d8ln7ui1.cloudfront.net/images/templates_v3/logo/logo-modern-botanical-white.png"
            }
        }
    },
    "sources": {}
}